id_prod,turnover,month_sales_rate,categ
0_1259,1787,12,c_0
0_1390,7341,32,c_0
0_1458,3039,39,c_0
0_1073,3204,19,c_0
0_279,289,1,c_0
1_445,10028,35,c_1
0_2245,909,8,c_0
1_556,2031,7,c_1
1_635,5236,16,c_1
0_1638,1851,28,c_0
0_1154,423,3,c_0
1_503,6343,20,c_1
0_1475,5827,40,c_0
0_2056,410,7,c_0
1_310,3635,21,c_1
0_2198,595,4,c_0
0_991,3298,14,c_0
0_1176,1056,12,c_0
0_1571,1857,26,c_0
1_453,6561,39,c_1
1_91,1637,6,c_1
1_280,6127,33,c_1
0_2026,500,8,c_0
1_444,5939,39,c_1
1_256,10055,32,c_1
1_376,11683,56,c_1
1_407,11433,60,c_1
0_1238,1906,11,c_0
0_1452,6128,37,c_0
0_1078,1432,17,c_0
0_1350,6517,38,c_0
0_1411,4729,44,c_0
0_1438,4664,42,c_0
1_738,1555,7,c_1
0_1106,3525,21,c_0
0_1162,2634,12,c_0
1_364,4975,40,c_1
0_1125,2689,17,c_0
0_2276,1345,6,c_0
1_449,6611,37,c_1
0_1532,4234,21,c_0
0_1482,2920,29,c_0
0_1999,1338,9,c_0
0_1521,5829,27,c_0
0_1182,2763,12,c_0
1_425,12726,62,c_1
0_1422,6527,48,c_0
0_1065,2558,13,c_0
1_287,8787,24,c_1
0_1225,1455,9,c_0
0_1451,9435,39,c_0
1_538,3163,10,c_1
0_2231,1049,6,c_0
1_720,1640,13,c_1
0_1169,1269,11,c_0
0_1047,1328,16,c_0
1_442,10891,36,c_1
1_451,9592,38,c_1
1_251,5101,27,c_1
0_1034,2488,14,c_0
0_1445,5285,44,c_0
0_1501,3321,23,c_0
0_1000,1300,16,c_0
1_260,6065,29,c_1
0_2291,961,6,c_0
1_353,8772,27,c_1
1_593,2120,8,c_1
1_653,5380,17,c_1
0_1075,2539,19,c_0
1_378,16897,53,c_1
0_1718,377,3,c_0
0_1709,246,3,c_0
2_41,8693,10,c_2
0_1003,2863,16,c_0
1_406,17690,59,c_1
1_397,11983,53,c_1
0_1628,3037,25,c_0
0_1134,2532,18,c_0
0_999,1728,14,c_0
0_1474,4989,42,c_0
0_1081,2518,18,c_0
0_2043,1133,7,c_0
0_1468,2864,39,c_0
0_691,36,0,c_0
1_412,12188,61,c_1
0_2285,1223,6,c_0
1_267,9685,29,c_1
0_1391,2789,29,c_0
0_1351,3902,36,c_0
1_245,2207,8,c_1
0_1380,2891,32,c_0
1_488,6900,47,c_1
2_102,20403,29,c_2
0_1042,3243,15,c_0
0_1873,385,3,c_0
1_529,2249,10,c_1
0_996,2281,16,c_0
0_1347,2678,37,c_0
0_1617,3417,24,c_0
0_1440,2928,43,c_0
0_1559,2707,23,c_0
1_343,8453,25,c_1
1_296,6858,23,c_1
1_363,7764,38,c_1
0_1339,3362,31,c_0
0_1399,7664,36,c_0
0_1517,5973,28,c_0
0_1945,322,4,c_0
0_1536,1733,22,c_0
1_318,4724,23,c_1
0_1133,4058,17,c_0
2_207,12900,21,c_2
0_1030,2636,16,c_0
0_1421,10495,44,c_0
0_2190,567,6,c_0
1_247,6423,26,c_1
2_7,7629,9,c_2
1_582,2789,8,c_1
0_1149,1108,15,c_0
0_2254,607,6,c_0
1_374,6608,51,c_1
0_1573,2223,26,c_0
1_606,3388,10,c_1
1_381,10457,54,c_1
0_613,320,2,c_0
0_1457,5647,39,c_0
0_1632,3012,27,c_0
1_248,3322,26,c_1
1_162,1645,7,c_1
1_271,5997,29,c_1
1_41,731,5,c_1
1_414,18397,64,c_1
0_993,2044,16,c_0
0_1278,1505,14,c_0
0_1541,2950,20,c_0
1_434,7157,38,c_1
0_1144,4283,19,c_0
0_1289,1819,12,c_0
0_1591,3676,31,c_0
0_2290,625,6,c_0
1_362,4556,34,c_1
0_1799,579,5,c_0
0_1612,4062,25,c_0
0_1029,1678,18,c_0
0_2064,1103,9,c_0
0_1348,5017,35,c_0
0_1596,3699,30,c_0
0_1096,2539,19,c_0
1_688,2874,13,c_1
1_468,10224,48,c_1
1_631,2923,16,c_1
0_1455,4054,38,c_0
0_1640,3213,25,c_0
0_1082,3190,17,c_0
1_186,830,6,c_1
0_1432,8095,44,c_0
0_1340,5993,34,c_0
1_6,934,3,c_1
0_1884,145,2,c_0
0_318,132,2,c_0
1_417,16960,67,c_1
1_8,755,3,c_1
1_493,6484,49,c_1
0_1419,4621,43,c_0
0_2239,503,7,c_0
0_1355,8337,37,c_0
0_1167,1438,13,c_0
0_2191,405,5,c_0
0_1115,1566,19,c_0
0_1969,560,2,c_0
0_2074,1110,10,c_0
0_1046,1549,13,c_0
1_677,3143,15,c_1
0_2230,1066,6,c_0
1_301,6410,19,c_1
0_1599,5522,27,c_0
0_1996,1539,7,c_0
0_1621,5937,28,c_0
0_2261,489,6,c_0
0_1216,2074,9,c_0
1_325,8173,24,c_1
1_683,2057,12,c_1
0_1417,9121,42,c_0
1_649,4273,19,c_1
0_1407,6771,40,c_0
2_39,16933,24,c_2
1_279,11028,33,c_1
1_350,6249,25,c_1
0_1325,4166,35,c_0
1_710,4275,13,c_1
0_1600,4736,30,c_0
0_177,560,2,c_0
0_1429,4083,43,c_0
0_1418,4028,39,c_0
2_135,23043,28,c_2
0_1450,3448,39,c_0
0_1551,3481,22,c_0
0_1394,6096,32,c_0
0_1282,788,12,c_0
1_734,3885,13,c_1
1_437,12119,37,c_1
0_2057,953,9,c_0
0_2173,669,6,c_0
0_1631,3385,26,c_0
0_1479,7851,41,c_0
0_2256,655,8,c_0
0_1345,7268,34,c_0
0_33,228,1,c_0
0_1357,6972,36,c_0
1_85,1172,4,c_1
0_1158,2179,18,c_0
0_426,153,1,c_0
1_392,12297,57,c_1
1_398,7505,62,c_1
0_1424,4398,44,c_0
1_236,421,2,c_1
0_1121,4997,21,c_0
0_1826,391,2,c_0
0_1520,2544,23,c_0
2_46,9625,19,c_2
0_1815,494,5,c_0
1_299,3456,21,c_1
1_736,1801,15,c_1
1_508,2104,8,c_1
0_1704,685,5,c_0
0_788,33,0,c_0
1_347,6179,23,c_1
0_1470,8769,37,c_0
1_160,1275,6,c_1
0_1441,10369,46,c_0
0_2267,1595,7,c_0
0_1491,1557,22,c_0
1_213,680,3,c_1
1_634,4172,16,c_1
1_336,6738,24,c_1
1_441,10821,36,c_1
0_501,286,2,c_0
1_480,10799,47,c_1
0_2007,1019,8,c_0
1_466,7842,41,c_1
1_288,7709,29,c_1
0_2255,1203,7,c_0
0_132,447,2,c_0
0_1434,4659,45,c_0
0_1396,4019,35,c_0
0_1387,4220,32,c_0
0_1586,4372,29,c_0
0_1569,5421,28,c_0
0_1403,6172,32,c_0
0_1605,2041,24,c_0
2_61,160,0,c_2
0_1580,4906,31,c_0
0_1017,1654,15,c_0
0_1031,1153,14,c_0
0_1454,3246,36,c_0
0_1130,2823,18,c_0
1_100,938,5,c_1
0_1208,667,10,c_0
0_744,52,0,c_0
2_104,10187,20,c_2
0_1827,369,3,c_0
0_1954,383,4,c_0
0_1368,2011,33,c_0
1_94,1220,4,c_1
1_32,695,4,c_1
1_660,4646,17,c_1
0_1132,2153,16,c_0
1_365,7848,47,c_1
1_281,9236,32,c_1
1_286,11923,34,c_1
1_400,10923,55,c_1
0_1636,3137,28,c_0
0_1572,2712,26,c_0
1_568,1722,7,c_1
0_2061,1029,9,c_0
0_1641,4887,27,c_0
0_1104,3289,21,c_0
1_457,12001,44,c_1
0_1508,2305,24,c_0
0_1420,5949,43,c_0
0_1384,5776,33,c_0
0_1583,5501,29,c_0
1_724,3202,16,c_1
1_727,2939,14,c_1
0_914,192,1,c_0
1_223,646,3,c_1
1_612,4344,12,c_1
1_246,6525,29,c_1
0_1009,2758,15,c_0
1_721,2881,11,c_1
1_389,15894,53,c_1
1_278,7231,31,c_1
1_532,1177,9,c_1
0_674,84,0,c_0
0_1192,1941,13,c_0
0_585,250,2,c_0
0_1334,7256,34,c_0
0_1020,1845,16,c_0
0_2099,927,10,c_0
0_1326,3936,22,c_0
1_456,15379,45,c_1
0_1143,2308,19,c_0
0_1180,1881,11,c_0
0_2241,824,6,c_0
0_1367,4472,31,c_0
0_1430,8581,43,c_0
2_101,12478,16,c_2
0_1531,1803,22,c_0
0_400,104,1,c_0
1_308,3064,22,c_1
1_188,928,6,c_1
0_338,126,2,c_0
0_1253,2078,13,c_0
0_2154,636,6,c_0
0_1111,4738,20,c_0
0_2146,624,5,c_0
0_2182,901,5,c_0
1_221,407,3,c_1
0_1564,3469,26,c_0
1_379,16842,52,c_1
0_301,162,2,c_0
0_1519,1360,19,c_0
0_1362,5130,38,c_0
0_1197,902,11,c_0
0_2085,1511,10,c_0
0_866,85,1,c_0
1_576,1428,7,c_1
0_1050,2477,16,c_0
0_1967,429,3,c_0
0_1123,2455,16,c_0
1_366,16953,50,c_1
1_249,7380,27,c_1
0_859,238,1,c_0
0_904,132,1,c_0
1_667,5968,17,c_1
1_551,1439,8,c_1
1_598,1517,9,c_1
1_403,12629,58,c_1
0_1593,2488,30,c_0
0_2096,1707,10,c_0
1_706,3847,13,c_1
1_285,6176,34,c_1
2_108,13306,18,c_2
1_396,13299,60,c_1
0_1212,846,11,c_0
0_1338,4130,37,c_0
0_1401,4473,34,c_0
0_1373,7406,32,c_0
0_2006,1390,9,c_0
0_485,442,3,c_0
0_1330,4521,36,c_0
1_282,9210,33,c_1
1_475,11209,44,c_1
0_1344,7806,34,c_0
1_328,7135,20,c_1
0_1256,1798,14,c_0
0_1476,8253,44,c_0
0_1565,2317,24,c_0
0_1328,3331,33,c_0
1_498,18486,66,c_1
1_320,6975,21,c_1
0_2283,512,5,c_0
1_109,1264,5,c_1
0_2019,791,8,c_0
1_257,7909,29,c_1
0_1928,458,4,c_0
0_2152,1118,6,c_0
0_1152,2450,19,c_0
2_113,8150,12,c_2
0_1538,2058,20,c_0
0_1412,5783,41,c_0
0_1124,3960,17,c_0
0_1199,1964,11,c_0
0_1292,1637,14,c_0
0_1606,5881,28,c_0
0_529,156,2,c_0
0_1126,2226,16,c_0
1_446,10214,36,c_1
2_230,7872,12,c_2
0_1069,1582,16,c_0
0_1528,2799,20,c_0
0_941,165,1,c_0
1_333,4445,23,c_1
1_542,2453,10,c_1
1_630,2086,16,c_1
1_388,10655,53,c_1
1_433,8773,38,c_1
1_723,1967,15,c_1
0_268,178,2,c_0
0_1448,8978,40,c_0
1_426,11722,50,c_1
0_1280,1890,13,c_0
1_369,19600,68,c_1
1_436,5704,40,c_1
0_2127,1364,9,c_0
0_1515,1817,22,c_0
0_496,231,2,c_0
0_1431,5935,45,c_0
0_1291,2379,12,c_0
1_566,1729,8,c_1
1_358,5844,28,c_1
2_37,13619,23,c_2
1_618,5255,15,c_1
1_383,18670,54,c_1
0_1061,3458,14,c_0
0_1443,2995,42,c_0
1_4,775,3,c_1
0_1870,281,3,c_0
0_1472,5895,39,c_0
0_1145,1580,19,c_0
1_225,722,3,c_1
0_635,399,2,c_0
0_1181,1727,12,c_0
0_2266,793,9,c_0
1_731,1906,13,c_1
1_550,1989,11,c_1
1_413,12935,60,c_1
0_1426,6707,42,c_0
0_1261,1286,12,c_0
0_1187,846,10,c_0
0_1381,2270,32,c_0
1_712,4281,14,c_1
1_264,5641,29,c_1
0_1039,2146,15,c_0
1_316,5389,23,c_1
0_1015,2165,16,c_0
2_185,7258,14,c_2
0_2066,1646,9,c_0
0_1471,6235,40,c_0
0_979,120,1,c_0
0_1382,5873,31,c_0
0_850,192,1,c_0
0_1377,5217,29,c_0
0_1469,6745,38,c_0
0_1972,503,3,c_0
0_1473,7947,41,c_0
2_179,6549,11,c_2
2_43,17637,21,c_2
0_1461,5312,37,c_0
0_1,2440,18,c_0
0_2219,974,5,c_0
0_1378,5235,31,c_0
0_718,79,0,c_0
0_1043,1923,15,c_0
1_43,1463,5,c_1
0_664,97,2,c_0
0_1207,1869,9,c_0
0_2047,551,8,c_0
0_1574,3027,26,c_0
1_190,1075,6,c_1
1_339,6920,25,c_1
1_305,7707,21,c_1
0_2269,552,7,c_0
2_9,6654,10,c_2
1_170,1194,7,c_1
0_172,283,3,c_0
0_2048,1196,8,c_0
0_1153,1324,18,c_0
0_1358,7981,40,c_0
1_698,3111,14,c_1
1_348,4748,24,c_1
1_521,2713,10,c_1
2_149,2268,2,c_2
1_644,5674,18,c_1
2_32,11883,18,c_2
0_65,162,2,c_0
0_2281,1259,7,c_0
0_2234,928,7,c_0
0_1546,3176,21,c_0
0_2005,735,8,c_0
1_483,8091,42,c_1
0_1105,2194,20,c_0
0_2126,1580,8,c_0
0_135,364,2,c_0
0_1113,3670,18,c_0
1_661,4575,17,c_1
1_459,8587,45,c_1
0_1562,4345,25,c_0
0_2049,575,8,c_0
0_2068,1950,9,c_0
1_448,6895,42,c_1
1_237,703,3,c_1
0_997,1878,16,c_0
0_1349,7036,37,c_0
0_1297,2564,11,c_0
0_1388,6774,33,c_0
1_686,3340,12,c_1
0_2020,851,7,c_0
0_1702,591,4,c_0
0_1987,664,8,c_0
0_2013,1009,8,c_0
1_516,2860,10,c_1
0_2028,1056,7,c_0
0_1810,280,4,c_0
0_1513,2526,23,c_0
0_1414,9457,41,c_0
0_1446,4045,42,c_0
0_1060,2205,15,c_0
0_340,148,2,c_0
2_10,7486,10,c_2
0_1957,702,3,c_0
0_1584,4266,30,c_0
0_2075,1043,10,c_0
0_544,660,3,c_0
1_167,967,7,c_1
1_312,6582,22,c_1
0_1838,250,3,c_0
0_1542,4360,20,c_0
1_311,4536,22,c_1
0_1626,4697,28,c_0
2_1,6098,9,c_2
0_1723,485,4,c_0
0_2109,1156,7,c_0
0_1558,2764,21,c_0
0_1816,418,5,c_0
0_1516,3475,25,c_0
0_1301,845,12,c_0
0_375,126,1,c_0
0_1091,2408,20,c_0
0_1112,1876,22,c_0
0_1376,5976,31,c_0
0_1416,5057,44,c_0
0_1103,3728,24,c_0
0_1185,815,11,c_0
0_142,457,2,c_0
1_695,3914,12,c_1
1_536,1491,11,c_1
0_1755,530,5,c_0
0_934,55,1,c_0
2_115,4640,8,c_2
1_652,5532,17,c_1
0_1385,4137,29,c_0
0_1288,1509,13,c_0
0_1435,6855,41,c_0
1_45,1646,5,c_1
0_1669,350,4,c_0
0_1608,3770,26,c_0
0_1342,8342,36,c_0
0_2003,671,8,c_0
1_250,6705,27,c_1
2_160,11247,15,c_2
0_1236,2395,10,c_0
0_1392,2350,31,c_0
1_462,8197,41,c_1
0_1298,2418,11,c_0
0_1587,5232,29,c_0
0_2054,1037,8,c_0
0_1578,6262,29,c_0
0_2001,847,9,c_0
0_1356,2540,38,c_0
0_1036,1240,14,c_0
0_1277,1382,14,c_0
0_1108,4048,19,c_0
0_192,198,2,c_0
0_1729,839,5,c_0
0_462,145,1,c_0
0_1453,3843,40,c_0
0_1295,1341,10,c_0
0_1190,941,12,c_0
0_1072,3127,18,c_0
0_2124,1122,9,c_0
1_673,2416,16,c_1
0_2232,733,7,c_0
0_1243,2478,13,c_0
0_1464,3788,38,c_0
0_1287,2218,15,c_0
0_2277,923,7,c_0
0_174,158,2,c_0
0_1611,3681,26,c_0
0_213,165,1,c_0
0_629,288,2,c_0
0_1229,944,11,c_0
0_1807,809,4,c_0
1_283,6056,34,c_1
0_272,84,1,c_0
0_1147,1496,18,c_0
2_226,7167,9,c_2
0_1808,341,4,c_0
0_1647,432,3,c_0
1_432,13576,47,c_1
0_1494,2303,25,c_0
2_191,12442,15,c_2
0_2274,402,6,c_0
1_505,1886,9,c_1
0_1366,7626,38,c_0
0_1166,2767,12,c_0
0_1679,259,3,c_0
0_1966,314,3,c_0
0_1353,8376,35,c_0
0_1097,2770,19,c_0
0_1984,598,9,c_0
0_1707,816,4,c_0
2_96,9103,16,c_2
0_1247,2750,14,c_0
0_2090,1146,8,c_0
0_1598,3997,30,c_0
0_1616,4090,25,c_0
0_1018,1991,15,c_0
0_1189,2177,10,c_0
1_153,1104,4,c_1
0_922,117,1,c_0
0_2192,1113,6,c_0
0_2244,720,7,c_0
0_995,1824,14,c_0
0_1311,2222,10,c_0
0_2167,1151,6,c_0
0_1623,2277,24,c_0
1_370,7342,47,c_1
1_262,10001,32,c_1
0_1750,408,5,c_0
1_692,1956,12,c_1
0_1230,1809,12,c_0
0_1242,964,10,c_0
0_1630,4218,28,c_0
1_572,1895,8,c_1
0_2116,1209,8,c_0
1_622,3569,17,c_1
0_1044,942,12,c_0
0_1053,2088,16,c_0
0_2083,713,8,c_0
0_1613,2643,24,c_0
1_274,8735,30,c_1
0_2259,695,7,c_0
0_1561,1623,23,c_0
1_581,1952,8,c_1
0_1127,1252,17,c_0
0_1168,1370,10,c_0
0_1038,1929,16,c_0
0_2180,1091,6,c_0
0_1183,2447,11,c_0
0_2158,608,4,c_0
0_1304,832,12,c_0
1_435,5899,41,c_1
0_1397,6311,35,c_0
1_57,983,7,c_1
0_1363,6711,33,c_0
2_13,6221,10,c_2
0_2114,533,7,c_0
1_694,2702,11,c_1
0_326,405,2,c_0
0_1066,1586,14,c_0
0_368,132,2,c_0
1_116,837,5,c_1
0_1410,7692,43,c_0
0_1248,1198,13,c_0
0_350,72,1,c_0
0_2106,1422,8,c_0
0_1341,3846,32,c_0
0_600,366,2,c_0
0_2272,567,6,c_0
0_1354,2962,35,c_0
0_1485,6552,29,c_0
0_1333,2612,36,c_0
0_1625,1779,25,c_0
1_52,1109,7,c_1
1_431,17298,52,c_1
1_395,19394,56,c_1
0_1489,2802,21,c_0
0_1425,7287,47,c_0
0_1090,3156,19,c_0
0_1537,1456,20,c_0
0_1004,1428,15,c_0
0_1383,4949,32,c_0
0_1792,501,5,c_0
1_337,7297,24,c_1
0_516,273,2,c_0
0_1200,1710,10,c_0
0_1157,4444,20,c_0
0_2052,860,8,c_0
0_1557,1936,23,c_0
0_2137,1151,6,c_0
0_1095,1796,21,c_0
0_223,66,1,c_0
0_1002,1554,16,c_0
1_367,8254,49,c_1
0_1505,4497,25,c_0
0_1306,2352,12,c_0
0_1131,4156,19,c_0
2_165,3456,4,c_2
0_1172,1371,11,c_0
0_1604,5551,26,c_0
0_2002,2012,9,c_0
0_2113,1182,8,c_0
0_1249,2260,14,c_0
0_1657,779,4,c_0
0_1503,4285,22,c_0
0_1159,1542,16,c_0
0_1988,818,7,c_0
0_1642,1596,9,c_0
0_1882,590,3,c_0
2_234,1380,1,c_2
0_1067,2897,19,c_0
0_1234,824,9,c_0
0_1699,612,3,c_0
1_132,562,3,c_1
0_2079,999,8,c_0
0_1264,2747,14,c_0
0_158,298,2,c_0
1_592,1918,7,c_1
0_1045,1078,15,c_0
0_992,1484,14,c_0
2_110,17492,23,c_2
0_2131,1007,9,c_0
0_1021,1501,14,c_0
0_798,34,0,c_0
2_152,1301,3,c_2
0_1490,2777,22,c_0
1_527,2059,9,c_1
0_610,174,1,c_0
0_2268,879,4,c_0
0_1663,311,4,c_0
0_2213,725,6,c_0
0_1094,3973,20,c_0
0_1643,1971,10,c_0
1_166,1249,7,c_1
1_239,532,3,c_1
1_601,2551,10,c_1
0_1293,1619,11,c_0
0_1933,752,4,c_0
0_2194,414,5,c_0
0_1567,5335,26,c_0
0_1717,574,3,c_0
0_1892,528,4,c_0
1_92,750,6,c_1
0_316,220,1,c_0
0_163,272,3,c_0
0_1195,1035,12,c_0
2_175,8417,12,c_2
0_2021,1234,8,c_0
0_2119,1069,9,c_0
0_2150,608,5,c_0
1_685,2414,13,c_1
1_293,7150,26,c_1
1_461,6391,41,c_1
0_2042,626,8,c_0
1_161,1655,6,c_1
0_106,85,1,c_0
2_12,5849,8,c_2
1_651,3703,16,c_1
0_1393,4784,33,c_0
0_1404,3016,37,c_0
0_2123,1039,9,c_0
0_2065,807,8,c_0
0_1634,1659,24,c_0
0_1303,1111,12,c_0
1_495,4882,18,c_1
1_265,9896,33,c_1
0_235,110,1,c_0
0_1590,6777,30,c_0
0_291,510,2,c_0
0_1526,1688,21,c_0
1_14,385,2,c_1
0_2030,1179,7,c_0
0_1942,691,4,c_0
0_1543,3805,23,c_0
1_520,1655,10,c_1
0_2289,1205,6,c_0
0_1040,1019,14,c_0
0_926,81,1,c_0
0_1524,3708,22,c_0
2_208,14815,22,c_2
0_2098,1092,6,c_0
0_1226,1336,11,c_0
0_2060,652,10,c_0
1_669,3966,21,c_1
0_170,317,3,c_0
0_518,230,2,c_0
0_1506,2620,22,c_0
1_541,1889,11,c_1
0_2044,523,8,c_0
1_702,2523,14,c_1
0_1603,3111,29,c_0
1_303,3162,19,c_1
0_1907,370,3,c_0
1_277,10292,33,c_1
0_2105,599,8,c_0
0_239,126,1,c_0
0_1245,904,13,c_0
0_1790,846,5,c_0
1_515,2375,11,c_1
2_164,8309,13,c_2
0_1908,761,4,c_0
1_3,377,2,c_1
0_1547,2301,21,c_0
1_99,946,4,c_1
0_1049,2585,17,c_0
1_579,2567,9,c_1
0_1843,204,3,c_0
0_1525,1636,20,c_0
1_726,1694,13,c_1
0_1947,481,3,c_0
0_1205,1231,9,c_0
0_1400,1921,31,c_0
1_53,2348,7,c_1
2_137,5627,6,c_2
0_1273,1340,12,c_0
0_144,281,1,c_0
0_1639,2558,30,c_0
0_1927,765,4,c_0
1_351,8784,25,c_1
0_1209,1187,11,c_0
0_1548,2531,22,c_0
0_989,4254,19,c_0
0_1835,396,4,c_0
0_2179,511,5,c_0
2_184,8086,14,c_2
1_385,16971,54,c_1
0_671,261,2,c_0
0_2041,1487,8,c_0
0_1666,474,4,c_0
0_725,77,1,c_0
0_2282,919,6,c_0
0_1137,1782,19,c_0
0_1210,1841,9,c_0
0_908,136,1,c_0
0_1694,405,4,c_0
0_2248,1527,6,c_0
0_2045,1011,8,c_0
0_1307,2583,11,c_0
0_1748,924,5,c_0
0_2136,1248,6,c_0
0_1955,297,2,c_0
0_1313,2112,13,c_0
1_708,3897,14,c_1
0_2111,1416,9,c_0
1_192,1426,6,c_1
0_1099,2594,20,c_0
0_1930,275,4,c_0
0_2228,953,6,c_0
1_464,7745,43,c_1
0_1272,2637,13,c_0
1_313,7977,24,c_1
0_343,187,1,c_0
1_222,834,3,c_1
0_861,192,1,c_0
0_2210,966,5,c_0
2_155,8740,16,c_2
0_1274,1297,14,c_0
0_2118,745,9,c_0
0_2212,418,5,c_0
0_1964,303,3,c_0
0_2130,1313,6,c_0
1_670,5762,16,c_1
0_271,220,2,c_0
0_1270,1106,14,c_0
1_640,2356,16,c_1
2_8,220,0,c_2
0_895,119,1,c_0
0_1315,1506,11,c_0
0_2059,1195,8,c_0
0_1857,377,2,c_0
0_2187,503,5,c_0
1_617,2668,15,c_1
0_2104,742,8,c_0
0_356,255,2,c_0
1_599,1325,8,c_1
0_2084,1112,9,c_0
1_684,1781,13,c_1
0_2025,674,6,c_0
0_1299,937,11,c_0
1_191,1274,6,c_1
0_1220,1635,10,c_0
0_2243,719,7,c_0
0_669,119,1,c_0
0_1540,4412,20,c_0
0_1609,6153,27,c_0
0_1851,476,3,c_0
2_171,3040,3,c_2
0_300,124,2,c_0
0_589,336,2,c_0
1_253,4707,26,c_1
2_26,4251,8,c_2
0_1861,308,2,c_0
0_1756,924,5,c_0
0_2185,450,4,c_0
1_208,764,4,c_1
1_730,3239,12,c_1
1_137,559,4,c_1
0_1079,1300,18,c_0
0_636,519,2,c_0
0_595,140,2,c_0
0_2129,707,10,c_0
0_1250,703,11,c_0
0_517,264,3,c_0
0_1163,2098,18,c_0
0_666,231,2,c_0
0_581,180,2,c_0
0_155,168,2,c_0
0_1752,294,4,c_0
2_79,7727,12,c_2
0_1335,7520,35,c_0
0_515,264,2,c_0
0_1700,814,4,c_0
0_1836,197,2,c_0
1_537,1889,10,c_1
0_883,105,1,c_0
0_1522,1569,25,c_0
1_619,2442,16,c_1
1_141,920,3,c_1
0_817,160,1,c_0
0_1281,2169,14,c_0
1_676,3471,15,c_1
0_1173,2697,12,c_0
0_1812,503,6,c_0
0_2063,991,10,c_0
0_1011,2644,16,c_0
0_2062,1617,8,c_0
0_1493,4332,24,c_0
0_1555,4301,22,c_0
0_1560,3272,22,c_0
0_1821,825,5,c_0
0_1773,835,6,c_0
0_1635,5573,27,c_0
0_1499,3105,22,c_0
0_1798,919,4,c_0
1_506,1474,9,c_1
0_1891,186,3,c_0
0_1375,2629,27,c_0
0_1720,381,4,c_0
1_735,4184,15,c_1
0_2264,894,8,c_0
0_1321,2335,12,c_0
0_1223,653,9,c_0
0_10,179,1,c_0
0_2238,1673,7,c_0
1_187,1727,5,c_1
0_1186,1722,12,c_0
1_152,575,4,c_1
0_265,476,2,c_0
1_157,2267,7,c_1
1_304,6527,20,c_1
1_61,1405,6,c_1
0_72,89,1,c_0
0_255,306,2,c_0
0_489,440,2,c_0
0_1268,1025,14,c_0
0_384,115,1,c_0
0_1865,432,2,c_0
0_1198,1530,11,c_0
1_179,1007,5,c_1
0_491,493,2,c_0
0_307,162,2,c_0
0_1775,336,4,c_0
0_1761,511,5,c_0
0_1178,1205,10,c_0
1_544,3899,11,c_1
0_2035,1583,7,c_0
0_492,337,3,c_0
0_598,283,1,c_0
1_189,923,6,c_1
1_524,2841,11,c_1
1_510,2397,7,c_1
0_1179,677,9,c_0
1_585,1959,8,c_1
0_2246,567,8,c_0
0_871,170,1,c_0
0_1193,1439,12,c_0
0_2033,1259,7,c_0
0_2183,584,5,c_0
1_663,3328,15,c_1
0_1566,3128,29,c_0
0_624,145,2,c_0
0_1246,918,11,c_0
1_97,1415,5,c_1
0_1667,360,4,c_0
0_2168,670,5,c_0
0_1514,2885,22,c_0
1_165,1475,7,c_1
0_1188,2241,12,c_0
0_2298,1168,5,c_0
0_1746,505,5,c_0
1_580,2067,8,c_1
0_1744,656,5,c_0
1_611,2650,13,c_1
1_49,1971,6,c_1
0_868,160,1,c_0
1_169,1319,6,c_1
0_1308,2501,13,c_0
0_1063,964,13,c_0
0_2095,1663,11,c_0
0_1083,3789,19,c_0
0_365,98,1,c_0
0_1156,2763,18,c_0
0_1386,5014,32,c_0
2_112,20879,26,c_2
0_1255,1725,13,c_0
0_1795,989,5,c_0
1_583,1546,8,c_1
0_1502,2211,23,c_0
0_1797,831,4,c_0
0_200,475,2,c_0
0_1785,387,4,c_0
2_215,6299,10,c_2
1_614,1406,11,c_1
0_1719,276,4,c_0
0_1691,750,4,c_0
0_1059,3570,16,c_0
0_2161,703,5,c_0
1_164,1385,5,c_1
0_2110,648,8,c_0
1_134,702,4,c_1
1_560,1491,7,c_1
1_547,2239,12,c_1
0_731,126,1,c_0
0_1260,1770,14,c_0
0_1845,231,3,c_0
2_109,12904,20,c_2
0_1781,329,5,c_0
0_640,353,2,c_0
0_1753,615,5,c_0
0_1296,974,14,c_0
0_2188,1113,6,c_0
1_34,1833,6,c_1
0_1545,6001,26,c_0
0_1646,1708,10,c_0
0_1553,3679,22,c_0
0_2092,1573,9,c_0
0_537,629,3,c_0
0_1222,923,11,c_0
0_1804,1068,5,c_0
0_1818,476,4,c_0
1_50,1214,5,c_1
0_1824,300,2,c_0
0_619,120,1,c_0
0_1863,264,2,c_0
0_1054,1395,14,c_0
1_172,1312,4,c_1
0_772,84,0,c_0
0_1828,215,3,c_0
0_1665,831,4,c_0
1_352,5930,25,c_1
1_147,1247,4,c_1
0_2080,1506,10,c_0
0_732,64,1,c_0
1_69,792,3,c_1
0_1622,2497,25,c_0
0_584,297,1,c_0
0_531,160,2,c_0
2_209,17358,21,c_2
0_734,56,0,c_0
1_615,4966,17,c_1
0_2122,1616,8,c_0
0_1758,796,5,c_0
0_779,78,0,c_0
0_218,275,2,c_0
1_130,457,3,c_1
1_60,1667,5,c_1
0_672,132,2,c_0
0_2292,711,6,c_0
0_1982,737,7,c_0
0_2300,1565,7,c_0
0_2284,404,6,c_0
0_15,91,1,c_0
0_1850,460,3,c_0
0_2100,859,11,c_0
0_275,361,2,c_0
0_2039,608,7,c_0
0_1915,595,3,c_0
0_2069,2339,11,c_0
0_1743,359,5,c_0
1_84,856,5,c_1
0_189,312,2,c_0
0_1370,4260,31,c_0
0_130,186,2,c_0
0_1556,5219,23,c_0
0_2151,1172,6,c_0
0_2235,1609,10,c_0
2_177,1246,1,c_2
0_1026,1930,17,c_0
2_202,15136,19,c_2
0_1971,527,3,c_0
0_1196,990,13,c_0
0_2140,661,4,c_0
0_1687,817,4,c_0
0_12,162,1,c_0
0_245,204,1,c_0
0_1786,1248,5,c_0
1_533,1331,9,c_1
0_2307,587,7,c_0
0_479,253,2,c_0
0_382,206,2,c_0
2_227,5099,8,c_2
0_1981,497,7,c_0
2_214,2292,2,c_2
2_107,68,0,c_2
2_134,1450,1,c_2
0_2258,539,8,c_0
0_1160,3342,16,c_0
0_1690,527,3,c_0
0_240,109,2,c_0
0_1175,1331,12,c_0
1_718,3315,13,c_1
0_699,133,1,c_0
0_1257,1605,12,c_0
0_1788,459,5,c_0
0_1681,797,5,c_0
0_1290,1493,11,c_0
1_625,4023,15,c_1
0_290,265,1,c_0
0_1688,283,3,c_0
0_2270,1061,5,c_0
1_616,4991,14,c_1
0_1791,707,5,c_0
1_607,2888,9,c_1
0_1904,682,4,c_0
0_2004,810,6,c_0
0_1693,441,4,c_0
0_576,352,2,c_0
0_1701,276,4,c_0
0_1033,1526,16,c_0
0_1057,2939,12,c_0
1_535,1749,10,c_1
0_190,128,1,c_0
0_818,154,1,c_0
2_120,2995,6,c_2
0_1830,758,3,c_0
1_504,3572,22,c_1
0_998,1797,16,c_0
1_523,3335,12,c_1
0_2008,1501,8,c_0
0_1901,473,4,c_0
1_570,1812,8,c_1
2_127,6002,7,c_2
0_1869,560,2,c_0
0_1316,1015,12,c_0
0_2103,890,8,c_0
0_2011,1614,8,c_0
0_1896,491,4,c_0
0_1841,612,3,c_0
1_232,538,4,c_1
1_173,1215,6,c_1
0_524,128,2,c_0
0_1224,1849,11,c_0
0_2134,457,7,c_0
0_1714,670,3,c_0
0_832,130,1,c_0
0_656,181,2,c_0
0_2202,520,5,c_0
0_2053,1589,9,c_0
0_372,201,2,c_0
1_639,2286,17,c_1
1_647,5608,16,c_1
2_19,7419,9,c_2
2_62,9936,14,c_2
0_2175,1253,6,c_0
0_855,136,1,c_0
1_259,3704,28,c_1
1_507,2859,9,c_1
0_2304,1094,6,c_0
0_1055,1510,16,c_0
0_973,143,1,c_0
0_655,250,2,c_0
0_583,187,1,c_0
0_1659,569,5,c_0
0_54,186,1,c_0
0_499,266,2,c_0
0_304,319,2,c_0
0_70,124,1,c_0
1_103,1301,5,c_1
0_628,362,2,c_0
2_116,3195,6,c_2
0_667,390,2,c_0
0_1784,932,4,c_0
0_2023,1184,7,c_0
0_2108,873,8,c_0
0_224,200,1,c_0
0_408,104,1,c_0
0_2089,1338,9,c_0
0_2058,591,9,c_0
2_148,4669,6,c_2
0_364,264,1,c_0
0_128,428,2,c_0
0_1833,252,4,c_0
1_621,3148,15,c_1
1_56,951,6,c_1
0_168,232,2,c_0
0_2233,1799,8,c_0
0_2279,669,6,c_0
0_2303,959,7,c_0
1_565,1699,7,c_1
0_1868,116,2,c_0
0_799,180,1,c_0
0_387,204,1,c_0
2_140,4588,9,c_2
2_224,2272,2,c_2
0_1512,1471,23,c_0
0_1905,328,3,c_0
0_1686,847,4,c_0
0_1777,1196,5,c_0
0_2296,1051,5,c_0
0_347,324,2,c_0
0_1201,1396,11,c_0
0_379,180,2,c_0
0_1652,621,5,c_0
0_2199,740,5,c_0
0_1975,447,5,c_0
0_1779,917,4,c_0
0_563,504,2,c_0
0_1762,858,4,c_0
0_1946,188,3,c_0
0_622,339,1,c_0
1_242,3980,20,c_1
0_2251,1079,6,c_0
0_1661,246,3,c_0
0_1883,238,3,c_0
0_123,300,2,c_0
0_1782,490,4,c_0
0_1877,360,3,c_0
1_522,3048,11,c_1
0_856,173,1,c_0
1_589,2015,8,c_1
0_1254,835,13,c_0
2_237,2869,6,c_2
0_194,338,3,c_0
0_1680,900,4,c_0
2_216,1944,2,c_2
0_1323,2242,17,c_0
0_2148,505,6,c_0
0_2034,858,7,c_0
0_1673,329,4,c_0
0_1320,1800,12,c_0
1_21,736,3,c_1
0_925,153,1,c_0
0_176,479,3,c_0
0_26,69,1,c_0
1_567,1067,7,c_1
0_1319,2159,12,c_0
0_2078,1708,10,c_0
0_1742,658,5,c_0
0_1992,1341,8,c_0
1_142,995,5,c_1
1_234,762,3,c_1
0_1725,809,4,c_0
0_2037,1124,6,c_0
0_373,140,2,c_0
0_1685,410,3,c_0
0_2117,552,7,c_0
0_2141,731,5,c_0
0_2165,1199,6,c_0
1_73,1179,5,c_1
1_220,911,3,c_1
0_108,125,1,c_0
0_2093,949,8,c_0
1_530,2059,9,c_1
0_1837,462,4,c_0
0_1885,238,3,c_0
0_2176,1005,6,c_0
0_115,49,1,c_0
0_547,270,2,c_0
0_1678,678,4,c_0
0_1985,581,8,c_0
0_801,84,1,c_0
1_588,1312,9,c_1
0_107,84,1,c_0
0_570,215,2,c_0
0_80,22,0,c_0
0_1977,473,7,c_0
2_186,1189,1,c_2
0_578,335,2,c_0
1_596,1123,8,c_1
0_790,62,0,c_0
0_1852,276,3,c_0
1_701,4022,12,c_1
0_1713,588,4,c_0
0_221,154,1,c_0
0_1677,528,4,c_0
0_1847,279,3,c_0
0_308,347,2,c_0
1_83,850,4,c_1
0_774,40,0,c_0
0_1921,296,3,c_0
0_1940,934,4,c_0
0_185,276,2,c_0
1_548,1454,9,c_1
0_444,142,1,c_0
0_1822,642,4,c_0
0_1856,268,2,c_0
0_1676,526,4,c_0
0_1929,322,4,c_0
0_500,128,2,c_0
0_1831,217,3,c_0
0_214,176,1,c_0
0_809,119,1,c_0
0_1941,490,3,c_0
0_1926,506,4,c_0
1_98,1491,6,c_1
0_486,147,2,c_0
0_827,162,1,c_0
0_2107,503,7,c_0
2_51,425,0,c_2
0_2207,431,4,c_0
0_76,52,0,c_0
0_1893,893,4,c_0
0_567,186,3,c_0
0_1772,1016,5,c_0
0_1919,350,4,c_0
0_2209,602,6,c_0
0_294,290,2,c_0
0_31,112,1,c_0
0_209,119,1,c_0
0_319,300,1,c_0
0_1769,370,4,c_0
0_1903,234,3,c_0
0_2205,768,4,c_0
0_588,195,2,c_0
0_342,248,1,c_0
1_241,1517,6,c_1
1_158,1574,6,c_1
0_228,137,2,c_0
0_2024,1416,8,c_0
1_80,1318,4,c_1
0_614,214,2,c_0
0_1741,1007,5,c_0
0_611,221,1,c_0
0_1910,380,3,c_0
0_2076,1481,11,c_0
0_264,129,2,c_0
0_503,342,2,c_0
0_1834,560,3,c_0
1_107,440,3,c_1
2_163,12901,16,c_2
0_569,324,2,c_0
0_360,235,2,c_0
0_2145,736,6,c_0
0_1672,748,3,c_0
0_169,608,3,c_0
0_1654,608,4,c_0
0_175,416,2,c_0
0_306,233,1,c_0
0_249,208,1,c_0
0_188,158,2,c_0
0_869,150,1,c_0
0_704,85,0,c_0
1_202,958,4,c_1
0_149,342,2,c_0
0_1309,2602,11,c_0
0_853,150,1,c_0
1_30,1251,5,c_1
0_1809,895,5,c_0
2_181,8988,13,c_2
1_12,782,4,c_1
0_2022,618,7,c_0
0_651,300,1,c_0
0_896,74,1,c_0
0_1832,230,3,c_0
0_670,264,2,c_0
0_577,310,3,c_0
0_520,261,2,c_0
0_295,224,1,c_0
1_95,1121,4,c_1
0_161,288,3,c_0
0_198,401,2,c_0
0_978,115,0,c_0
0_2208,690,5,c_0
0_312,308,2,c_0
2_180,1535,2,c_2
0_545,287,3,c_0
0_2196,666,4,c_0
0_1684,997,5,c_0
2_143,3555,4,c_2
0_151,266,2,c_0
0_1963,320,3,c_0
0_464,99,1,c_0
0_539,510,3,c_0
0_452,316,1,c_0
0_634,143,1,c_0
1_64,1307,6,c_1
0_1698,470,3,c_0
0_2224,1049,5,c_0
0_2184,611,5,c_0
0_1924,408,3,c_0
0_363,114,2,c_0
0_250,92,1,c_0
0_1692,548,3,c_0
0_449,270,1,c_0
0_2,148,1,c_0
0_557,360,3,c_0
0_630,272,2,c_0
1_44,826,5,c_1
0_261,200,2,c_0
0_631,336,2,c_0
0_733,80,1,c_0
0_956,83,1,c_0
1_145,875,3,c_1
1_23,888,3,c_1
0_553,448,3,c_0
0_231,150,1,c_0
0_1738,446,5,c_0
0_1258,2709,13,c_0
0_391,135,1,c_0
0_877,42,1,c_0
0_519,217,3,c_0
1_218,397,3,c_1
0_876,139,1,c_0
0_470,163,1,c_0
0_59,180,1,c_0
0_986,260,1,c_0
0_912,293,1,c_0
0_87,126,1,c_0
0_285,182,1,c_0
0_195,512,3,c_0
0_262,210,2,c_0
1_199,644,2,c_1
2_183,702,1,c_2
0_138,379,2,c_0
0_543,312,3,c_0
0_396,92,1,c_0
0_550,403,2,c_0
0_1768,562,5,c_0
0_793,100,1,c_0
2_201,1392,1,c_2
0_2102,657,8,c_0
0_638,208,2,c_0
1_90,1161,4,c_1
0_983,65,0,c_0
1_534,1544,10,c_1
1_558,2598,9,c_1
0_887,98,1,c_0
0_48,173,1,c_0
0_571,630,3,c_0
2_47,333,1,c_2
0_1911,727,5,c_0
0_490,286,2,c_0
0_164,405,2,c_0
2_219,2697,3,c_2
1_150,874,3,c_1
0_2178,599,5,c_0
0_1934,273,4,c_0
0_381,272,1,c_0
0_765,66,0,c_0
0_607,375,2,c_0
0_1730,272,4,c_0
0_57,180,1,c_0
0_1712,319,4,c_0
0_2286,458,6,c_0
1_643,5968,17,c_1
2_174,1756,2,c_2
0_860,193,1,c_0
0_248,79,1,c_0
0_1876,347,2,c_0
0_199,234,2,c_0
0_288,228,1,c_0
0_687,126,1,c_0
0_450,224,2,c_0
1_54,1265,6,c_1
0_352,251,2,c_0
0_160,210,2,c_0
0_114,230,1,c_0
0_383,221,1,c_0
0_963,108,1,c_0
0_121,153,1,c_0
0_906,136,1,c_0
1_559,1899,6,c_1
1_126,1060,5,c_1
0_434,238,1,c_0
0_955,96,1,c_0
0_219,182,1,c_0
0_849,192,1,c_0
1_63,1036,5,c_1
0_1727,681,5,c_0
0_321,196,1,c_0
0_1527,2125,22,c_0
0_540,242,2,c_0
0_683,144,1,c_0
0_958,230,1,c_0
0_657,154,2,c_0
0_592,218,2,c_0
0_8,151,1,c_0
0_1754,760,4,c_0
0_196,253,2,c_0
0_507,532,2,c_0
0_17,63,1,c_0
0_422,104,2,c_0
0_157,360,2,c_0
0_315,136,1,c_0
0_296,175,2,c_0
0_156,219,2,c_0
0_2206,313,4,c_0
1_133,770,3,c_1
0_1958,411,3,c_0
0_40,80,1,c_0
0_90,108,1,c_0
0_446,108,1,c_0
0_944,174,1,c_0
0_582,237,2,c_0
0_574,488,3,c_0
0_1767,961,6,c_0
0_1944,448,3,c_0
2_33,248,1,c_2
0_181,198,3,c_0
0_395,130,1,c_0
0_867,88,1,c_0
0_88,8,0,c_0
0_66,78,1,c_0
0_662,173,2,c_0
1_39,779,5,c_1
0_760,156,1,c_0
0_633,527,3,c_0
0_1976,871,5,c_0
0_530,490,3,c_0
2_122,210,0,c_2
0_1880,462,3,c_0
0_359,105,1,c_0
0_229,216,1,c_0
0_654,243,2,c_0
0_648,141,2,c_0
0_30,227,1,c_0
0_1890,191,3,c_0
1_77,798,3,c_1
0_874,118,1,c_0
0_951,110,1,c_0
0_851,56,1,c_0
0_1849,585,4,c_0
0_370,296,2,c_0
0_1697,672,4,c_0
0_762,46,1,c_0
0_2271,965,6,c_0
2_139,3652,4,c_2
0_1888,284,2,c_0
0_526,655,3,c_0
0_721,36,0,c_0
0_113,119,1,c_0
2_138,4285,4,c_2
0_1894,324,3,c_0
0_317,306,2,c_0
0_789,56,1,c_0
0_1731,705,4,c_0
0_206,92,1,c_0
0_203,162,2,c_0
1_105,560,4,c_1
0_1853,312,2,c_0
0_266,379,2,c_0
0_305,171,2,c_0
1_129,931,4,c_1
0_461,238,1,c_0
2_206,1567,2,c_2
1_597,2999,8,c_1
1_19,817,4,c_1
0_1696,305,3,c_0
1_15,544,3,c_1
0_152,227,2,c_0
1_27,570,3,c_1
0_2211,739,6,c_0
0_816,48,1,c_0
0_932,57,1,c_0
0_182,309,2,c_0
1_29,480,3,c_1
0_127,168,2,c_0
0_805,121,1,c_0
0_212,207,1,c_0
0_625,425,2,c_0
0_388,125,1,c_0
0_227,208,1,c_0
0_438,224,1,c_0
0_682,104,1,c_0
0_2236,1423,7,c_0
0_1951,222,3,c_0
1_25,656,3,c_1
0_830,166,1,c_0
0_946,144,1,c_0
0_493,232,2,c_0
0_1734,920,5,c_0
0_407,208,1,c_0
0_7,112,1,c_0
0_320,332,2,c_0
0_377,147,2,c_0
1_201,1080,4,c_1
0_982,109,1,c_0
0_399,340,2,c_0
2_218,1791,2,c_2
0_723,42,1,c_0
0_673,72,1,c_0
0_834,79,0,c_0
1_62,1322,5,c_1
0_208,201,1,c_0
2_92,468,0,c_2
0_393,182,1,c_0
0_665,147,2,c_0
0_555,627,3,c_0
0_154,201,2,c_0
2_229,1458,2,c_2
0_970,116,1,c_0
0_302,201,1,c_0
0_901,128,1,c_0
1_75,1319,5,c_1
0_815,110,1,c_0
0_949,132,1,c_0
0_532,470,3,c_0
0_910,175,1,c_0
0_542,564,3,c_0
0_421,170,1,c_0
0_413,78,1,c_0
0_133,192,3,c_0
0_311,98,1,c_0
0_1872,217,2,c_0
0_603,345,2,c_0
0_1862,376,3,c_0
0_287,80,1,c_0
0_960,207,2,c_0
0_104,63,1,c_0
0_397,322,2,c_0
0_353,169,1,c_0
0_1962,207,3,c_0
0_237,168,1,c_0
0_61,120,1,c_0
2_48,589,1,c_2
2_197,1134,1,c_2
0_420,315,2,c_0
0_105,48,0,c_0
0_361,210,1,c_0
0_191,162,2,c_0
0_857,70,1,c_0
0_1956,483,3,c_0
0_905,90,1,c_0
0_972,78,0,c_0
0_468,286,1,c_0
0_284,253,1,c_0
0_131,276,2,c_0
0_71,272,1,c_0
0_346,122,2,c_0
0_954,52,1,c_0
0_415,143,1,c_0
0_948,38,0,c_0
0_126,322,3,c_0
1_210,974,3,c_1
0_579,182,2,c_0
0_1774,496,4,c_0
0_561,210,2,c_0
0_626,124,2,c_0
0_254,153,1,c_0
1_22,1232,4,c_1
0_572,288,2,c_0
0_826,55,1,c_0
0_880,146,1,c_0
0_29,168,1,c_0
0_297,195,1,c_0
0_1760,518,5,c_0
0_406,127,1,c_0
1_93,989,4,c_1
0_930,90,1,c_0
0_1937,540,4,c_0
1_183,1524,5,c_1
0_821,130,1,c_0
0_1658,250,4,c_0
0_96,47,0,c_0
0_367,198,2,c_0
0_642,299,2,c_0
0_1887,270,4,c_0
0_512,394,2,c_0
0_314,317,2,c_0
0_791,90,0,c_0
0_34,69,1,c_0
0_757,70,1,c_0
0_211,117,1,c_0
0_207,168,1,c_0
0_230,73,1,c_0
0_893,143,1,c_0
2_16,169,0,c_2
0_1943,574,3,c_0
0_171,760,3,c_0
0_509,174,2,c_0
0_694,113,1,c_0
0_688,88,0,c_0
0_740,94,0,c_0
0_1668,716,4,c_0
0_274,154,1,c_0
0_841,180,1,c_0
0_111,220,1,c_0
0_473,96,1,c_0
0_225,204,1,c_0
0_456,115,1,c_0
0_159,260,2,c_0
0_458,128,2,c_0
0_233,99,1,c_0
0_385,180,2,c_0
0_36,189,1,c_0
0_726,112,1,c_0
0_344,273,1,c_0
0_313,105,1,c_0
0_63,70,1,c_0
0_418,62,1,c_0
0_348,161,1,c_0
0_967,135,1,c_0
0_838,288,1,c_0
0_1839,396,3,c_0
0_885,108,1,c_0
0_888,78,1,c_0
0_513,336,2,c_0
0_828,159,1,c_0
0_928,164,1,c_0
0_730,81,1,c_0
0_617,306,1,c_0
0_371,120,1,c_0
0_136,189,1,c_0
0_650,486,2,c_0
0_506,538,3,c_0
0_931,160,1,c_0
2_88,155,0,c_2
0_465,315,2,c_0
0_241,108,1,c_0
0_843,96,1,c_0
0_962,58,1,c_0
0_952,63,0,c_0
0_602,222,1,c_0
0_325,272,1,c_0
0_965,220,1,c_0
0_847,54,0,c_0
0_46,67,1,c_0
0_23,88,1,c_0
0_257,304,2,c_0
0_215,72,1,c_0
0_20,108,1,c_0
0_86,52,0,c_0
0_428,112,1,c_0
0_839,90,1,c_0
0_813,110,1,c_0
0_244,81,1,c_0
0_593,198,2,c_0
0_786,60,1,c_0
0_451,112,1,c_0
0_558,279,2,c_0
0_424,105,1,c_0
0_693,40,0,c_0
0_508,162,2,c_0
0_122,86,1,c_0
2_44,426,0,c_2
0_881,114,0,c_0
0_781,99,1,c_0
0_441,133,2,c_0
0_378,132,1,c_0
0_752,118,1,c_0
0_939,171,1,c_0
0_938,130,1,c_0
0_409,105,1,c_0
0_454,213,1,c_0
0_596,105,1,c_0
0_52,235,1,c_0
0_1939,522,2,c_0
0_97,84,1,c_0
0_897,100,1,c_0
0_846,35,1,c_0
0_675,140,1,c_0
0_251,119,1,c_0
0_146,326,2,c_0
0_879,70,1,c_0
0_971,60,0,c_0
0_775,95,0,c_0
0_243,150,1,c_0
0_720,41,0,c_0
0_745,98,1,c_0
0_754,41,1,c_0
0_551,351,2,c_0
0_457,96,1,c_0
0_376,184,2,c_0
0_825,108,1,c_0
0_916,152,1,c_0
0_478,282,2,c_0
0_743,85,0,c_0
2_67,132,0,c_2
1_28,456,3,c_1
0_455,156,1,c_0
0_933,54,0,c_0
0_715,108,0,c_0
0_303,117,1,c_0
0_776,197,1,c_0
0_685,143,1,c_0
0_747,49,1,c_0
0_258,107,1,c_0
0_39,126,1,c_0
0_649,230,2,c_0
0_253,306,1,c_0
0_837,48,1,c_0
0_804,173,1,c_0
0_267,140,2,c_0
0_717,45,0,c_0
0_929,96,0,c_0
0_792,57,1,c_0
0_134,181,2,c_0
0_369,154,1,c_0
0_1953,225,2,c_0
0_416,241,1,c_0
0_24,64,1,c_0
2_34,507,1,c_2
0_14,94,1,c_0
0_101,91,1,c_0
0_440,130,1,c_0
0_222,157,1,c_0
0_162,245,2,c_0
0_840,51,0,c_0
0_354,86,1,c_0
0_1881,264,3,c_0
0_89,150,1,c_0
0_919,133,1,c_0
0_701,18,0,c_0
0_977,72,1,c_0
2_49,292,0,c_2
0_661,252,1,c_0
0_81,42,1,c_0
0_684,82,1,c_0
0_405,240,1,c_0
0_58,57,0,c_0
0_93,136,1,c_0
0_150,338,2,c_0
0_689,150,1,c_0
0_599,264,2,c_0
0_366,171,2,c_0
0_835,56,1,c_0
0_927,28,0,c_0
0_913,165,1,c_0
0_764,34,0,c_0
0_103,44,0,c_0
0_35,196,1,c_0
0_773,30,0,c_0
0_753,56,1,c_0
2_188,516,1,c_2
0_937,77,1,c_0
0_601,240,2,c_0
0_705,153,1,c_0
0_335,225,1,c_0
0_327,165,1,c_0
0_165,238,1,c_0
0_950,91,1,c_0
2_82,227,0,c_2
2_20,501,0,c_2
0_112,106,0,c_0
0_763,170,1,c_0
0_98,158,1,c_0
0_900,119,1,c_0
0_13,64,1,c_0
0_55,91,1,c_0
2_54,447,0,c_2
0_727,65,0,c_0
0_777,52,0,c_0
0_467,154,1,c_0
0_82,80,1,c_0
0_852,97,1,c_0
0_475,81,1,c_0
0_782,83,1,c_0
0_78,77,0,c_0
0_899,180,1,c_0
2_100,288,0,c_2
0_99,28,0,c_0
0_976,94,1,c_0
0_915,247,1,c_0
0_414,164,1,c_0
0_439,72,1,c_0
0_700,75,0,c_0
0_974,94,1,c_0
0_709,42,0,c_0
0_697,40,0,c_0
0_389,228,1,c_0
0_802,123,1,c_0
0_981,160,1,c_0
0_386,214,1,c_0
0_767,75,0,c_0
0_985,12,0,c_0
2_71,356,0,c_2
0_795,72,1,c_0
0_803,153,1,c_0
0_969,84,1,c_0
0_117,88,1,c_0
0_92,96,1,c_0
0_943,104,1,c_0
0_863,64,1,c_0
0_331,220,1,c_0
0_959,40,0,c_0
0_770,28,0,c_0
2_99,170,0,c_2
0_909,95,0,c_0
0_800,49,1,c_0
0_742,32,0,c_0
0_947,36,0,c_0
0_736,36,0,c_0
0_739,36,0,c_0
0_6,61,0,c_0
0_681,36,0,c_0
0_878,63,0,c_0
0_787,32,0,c_0
2_45,132,0,c_2
0_917,44,0,c_0
0_751,28,0,c_0
0_975,48,0,c_0
0_95,50,0,c_0
0_11,70,0,c_0
0_102,45,0,c_0
0_116,102,1,c_0
0_845,72,0,c_0
0_844,113,1,c_0
2_68,265,0,c_2
0_680,15,0,c_0
0_74,64,0,c_0
2_114,258,0,c_2
2_93,79,0,c_2
2_81,87,0,c_2
2_27,74,0,c_2
